{
  "assetsByChunkName": {
    "vendors~app-account~app-checkout~app-confirmation~app-order": "chunk.1c4568aa851b2c03b80e.js",
    "vendors~app-account~app-confirmation~app-order": "chunk.f81eaf023db27728c872.js",
    "vendors~app-account~app-checkout": "chunk.002f5ef9943ab4f685bf.js",
    "vendors~app-cart~app-checkout": "chunk.32c36d6537414bdcf491.js",
    "admin": [
      "admin.6724291414ab5f5cb365.js",
      "admin.6724291414ab5f5cb365.js.map"
    ],
    "app-account": "chunk.6478e7e9882b24533aa0.js",
    "app-checkout": "chunk.dfcb6a41c68f7694c318.js",
    "app-confirmation": "chunk.832f060fa2eed75207cf.js",
    "app-order": "chunk.6d2bf1b8750d66f9b78c.js",
    "checkout": [
      "checkout.95c9d8622775b65813d7.js",
      "checkout.95c9d8622775b65813d7.js.map"
    ],
    "storefront": [
      "storefront.9bd3e60d99f52bb709b8.css",
      "storefront.a5745ce9b975bdc503d2.js",
      "storefront.9bd3e60d99f52bb709b8.css.map",
      "storefront.a5745ce9b975bdc503d2.js.map"
    ],
    "vendors~app-cart": "chunk.412874cdbba23add6113.js"
  }
}