{
  "meta_title": "",
  "meta_description": "",
  "sections": [
    {
      "type": "banner-slider",
      "autoplay": 9000,
      "full_width": true,
      "slides": [
        {
          "img": "/img/uploads/rect89.webp",
          "link": "/headset",
          "alt": "Headset banner",
          "start": "2020-04-11T05:54:06.750Z",
          "end": "2020-12-31T03:00:00.000Z",
          "mobile_img": "/img/uploads/headphone.webp"
        },
        {
          "img": "/img/uploads/design-sem-nome-26-.png",
          "alt": "Banner sample two",
          "start": "",
          "end": "",
          "mobile_img": "/img/uploads/design-sem-nome-26-.png"
        }
      ]
    },
    {
      "type": "info-bar",
      "enabled": true
    },
    {
      "type": "collection-shelf",
      "shuffle": false,
      "collection_id": "62c2f501eb859112167428c2:categories:iPhone:/iphone",
      "sort": "slug",
      "title": "",
      "headless": false,
      "limit": 12,
      "page": 1
    },
    {
      "type": "page-title",
      "title": "Loja KL Multi Marcas",
      "description": "KL Multi Marcas Compre Pelo Nosso Site Seu iPhone ou Colquer um De Nosso Produtos é receba no Conforto do seu Lar. "
    }
  ]
}